wh,experience,sp_ar,sp_aqi,sp_uir,sp_cd,sp_pd,sp_mi,sp_lcba,sp_lcbp,sp_srba,sp_srbp,sp_tra,sp_drg,sp_swq,sp_of,sp_mh,sp_storm,sp_dr,sp_slr,sp_sst,sp_rain,sp_ao,fr_ar,fr_aqi,fr_uir,fr_cd,fr_pd,fr_mi,fr_lcba,fr_lcbp,fr_srba,fr_srbp,fr_tra,fr_drg,fr_swq,fr_of,fr_mh,fr_storm,fr_dr,fr_slr,fr_sst,fr_rain,fr_ao,tr_ar,tr_aqi,tr_uir,tr_cd,tr_pd,tr_mi,tr_lcba,tr_lcbp,tr_srba,tr_srbp,tr_tra,tr_drg,tr_swq,tr_of,tr_mh,tr_storm,tr_dr,tr_slr,tr_sst,tr_rain,tr_ao,ouv_0,ouv_1,ouv_2,ouv_3,ouv_4,ouv_5,com_no_imp,com_eco,com_food,com_social,com_cultural,ad_res,ad_sci,ad_cc,info_pe,info_cm,info_ce,info_se
Everglades National Park,More than 10 years (i.e. X ? 10),Restricted (? 10%),Restricted (? 10%),Restricted (? 10%),Very widespread (91 - 100%),Not present,Not present,Not present,Restricted (? 10%),Extensive (51 - 90%),Extensive (51 - 90%),Not present,Not present,Not present,Extensive (51 - 90%),Localized (11 - 50 %),Extensive (51 - 90%),Very widespread (91 - 100%),Very widespread (91 - 100%),Very widespread (91 - 100%),Not present,Extensive (51 - 90%),Intermittent,Intermittent,Intermittent,Ongoing,Never occurs,Never occurs,Never occurs,Never occurs,Ongoing,Ongoing,Never occurs,Never occurs,Never occurs,Ongoing,Intermittent,Occasional,Occasional,Ongoing,Ongoing,Never occurs,Ongoing,Stable,Stable,Stable,Increasing,Stable,Stable,Stable,Stable,Increasing,Increasing,Stable,Stable,Stable,Decreasing,Stable,Stable,Stable,Increasing,Increasing,Stable,Increasing,0,0,1,1,1,0,0,1,0,1,1,High Resources,High Support,High,1,0,0,1
Parc National du Banc d'Arguin,More than 10 years (i.e. X ? 10),NA,NA,NA,NA,NA,Extensive (51 - 90%),NA,NA,NA,NA,NA,NA,NA,Localized (11 - 50 %),Restricted (? 10%),NA,Extensive (51 - 90%),NA,NA,Extensive (51 - 90%),NA,NA,NA,NA,NA,NA,Frequent,NA,NA,NA,NA,NA,NA,NA,Occasional,Intermittent,NA,Frequent,NA,NA,Frequent,NA,NA,NA,NA,NA,NA,Increasing,NA,NA,NA,NA,NA,NA,NA,Stable,Stable,NA,Increasing,NA,NA,Increasing,NA,0,0,1,1,1,0,0,0,1,1,0,Moderate Resources,Moderate Support,Moderate,1,0,1,1
Belize Barrier Reef Reserve System,More than 10 years (i.e. X ? 10),NA,NA,Not present,Localized (11 - 50 %),NA,Restricted (? 10%),NA,NA,Restricted (? 10%),Restricted (? 10%),Not present,Restricted (? 10%),Restricted (? 10%),Restricted (? 10%),NA,Restricted (? 10%),NA,NA,Restricted (? 10%),NA,NA,NA,NA,NA,Occasional,NA,Intermittent,NA,NA,Frequent,Occasional,Never occurs,Intermittent,Ongoing,Intermittent,NA,Intermittent,NA,NA,Intermittent,NA,NA,NA,NA,NA,Increasing,NA,Stable,NA,NA,Stable,Stable,Decreasing,Stable,Stable,Decreasing,NA,Stable,NA,NA,Increasing,NA,NA,0,0,1,1,1,0,0,1,1,0,0,Low Resources,Low Support,Moderate,1,0,0,0
High Coast Kvarken Archipelago,More than 10 years (i.e. X ? 10),Very widespread (91 - 100%),Restricted (? 10%),Localized (11 - 50 %),Restricted (? 10%),Not present,Not present,Not present,Restricted (? 10%),Restricted (? 10%),Restricted (? 10%),Restricted (? 10%),Localized (11 - 50 %),Not present,NA,Not present,Not present,Not present,Very widespread (91 - 100%),Very widespread (91 - 100%),Localized (11 - 50 %),NA,Ongoing,Ongoing,Ongoing,Ongoing,Never occurs,Never occurs,Never occurs,Frequent,Ongoing,Ongoing,Ongoing,Ongoing,Never occurs,NA,Occasional,Never occurs,Never occurs,Ongoing,Ongoing,Ongoing,NA,Stable,Decreasing,Decreasing,Increasing,NA,NA,NA,Stable,Stable,Stable,Stable,Stable,NA,NA,Increasing,NA,NA,Increasing,Increasing,Increasing,NA,0,0,1,0,0,0,0,0,0,1,0,Low Resources,Low Support,NA,1,0,1,0
High Coast Kvarken Archipelago,Between 5 and 10 years (i.e. 5 ? X < 10),Localized (11 - 50 %),Restricted (? 10%),Localized (11 - 50 %),Extensive (51 - 90%),Not present,Not present,Not present,NA,NA,NA,NA,NA,NA,NA,NA,NA,NA,NA,NA,NA,NA,NA,NA,NA,NA,NA,NA,NA,NA,NA,NA,NA,NA,NA,NA,NA,NA,NA,NA,NA,NA,NA,NA,NA,NA,NA,NA,NA,NA,NA,NA,NA,NA,NA,NA,NA,NA,NA,NA,NA,NA,NA,NA,1,0,0,0,0,0,1,0,0,0,0,NA,NA,NA,0,0,0,0
Koror State Rock Islands Sourhern Lagoon,Between 1 and 5 years (i.e. 1 ? X < 5),NA,NA,NA,NA,NA,NA,NA,NA,NA,NA,NA,NA,NA,NA,NA,NA,NA,NA,NA,NA,NA,NA,NA,NA,NA,NA,NA,NA,NA,NA,NA,NA,NA,NA,NA,NA,NA,NA,NA,NA,NA,NA,NA,NA,NA,NA,NA,NA,NA,NA,NA,NA,NA,NA,NA,NA,NA,NA,NA,NA,NA,NA,NA,0,0,0,0,0,0,0,0,0,0,0,NA,NA,NA,0,0,0,0
Rock Islands Southern Lagoon Palau ,Between 1 and 5 years (i.e. 1 ? X < 5),NA,NA,NA,NA,NA,NA,NA,NA,NA,NA,NA,NA,NA,NA,NA,NA,NA,NA,NA,NA,NA,NA,NA,NA,NA,NA,NA,NA,NA,NA,NA,NA,NA,NA,NA,NA,NA,NA,NA,NA,NA,NA,NA,NA,NA,NA,NA,NA,NA,NA,NA,NA,NA,NA,NA,NA,NA,NA,NA,NA,NA,NA,NA,0,0,0,0,0,0,0,0,0,0,0,NA,NA,NA,0,0,0,0
Ningaloo,Between 1 and 5 years (i.e. 1 ? X < 5),Not present,Not present,Not present,Restricted (? 10%),Not present,Not present,Restricted (? 10%),Restricted (? 10%),Localized (11 - 50 %),Restricted (? 10%),Not present,Restricted (? 10%),Not present,Extensive (51 - 90%),Localized (11 - 50 %),Very widespread (91 - 100%),Localized (11 - 50 %),Extensive (51 - 90%),Very widespread (91 - 100%),Localized (11 - 50 %),Very widespread (91 - 100%),Never occurs,Never occurs,Never occurs,Ongoing,Never occurs,Never occurs,Ongoing,Occasional,Ongoing,Frequent,Never occurs,Intermittent,Never occurs,Ongoing,Intermittent,Frequent,Frequent,Ongoing,Ongoing,Ongoing,Never occurs,NA,Decreasing,NA,Stable,NA,NA,NA,NA,Increasing,Increasing,NA,NA,NA,Increasing,Increasing,Stable,NA,NA,Increasing,NA,NA,0,0,1,1,0,0,0,0,0,0,0,None,Low Support,Low,1,0,1,0
Wadden Sea,More than 10 years (i.e. X ? 10),Very widespread (91 - 100%),Restricted (? 10%),Restricted (? 10%),Restricted (? 10%),Not present,Restricted (? 10%),Not present,Restricted (? 10%),Restricted (? 10%),Restricted (? 10%),Not present,Localized (11 - 50 %),Not present,NA,Very widespread (91 - 100%),Very widespread (91 - 100%),Not present,Very widespread (91 - 100%),Very widespread (91 - 100%),Very widespread (91 - 100%),Not present,Ongoing,Ongoing,Ongoing,Ongoing,Intermittent,Ongoing,Never occurs,Ongoing,Ongoing,Ongoing,Never occurs,Ongoing,Never occurs,NA,Occasional,Occasional,Never occurs,Ongoing,Ongoing,Frequent,Intermittent,Decreasing,Decreasing,Stable,Stable,Stable,Stable,Stable,Stable,Stable,Stable,Stable,Stable,Stable,Stable,Stable,Stable,Stable,Stable,Stable,Stable,Stable,0,0,1,1,0,0,1,0,0,0,0,Low Resources,Moderate Support,Very Low/None,1,0,1,1
Wadden Sea,Less than 1 year (i.e. X < 1),NA,NA,NA,NA,NA,NA,NA,NA,NA,NA,NA,NA,NA,NA,NA,NA,NA,NA,NA,NA,NA,NA,NA,NA,NA,NA,NA,NA,NA,NA,NA,NA,NA,NA,NA,NA,NA,NA,NA,NA,NA,NA,NA,NA,NA,NA,NA,NA,NA,NA,NA,NA,NA,NA,NA,NA,NA,NA,NA,NA,NA,NA,NA,0,0,0,0,0,0,0,0,0,0,0,NA,NA,NA,0,0,0,0
Shark Bay,More than 10 years (i.e. X ? 10),Localized (11 - 50 %),Localized (11 - 50 %),Restricted (? 10%),Restricted (? 10%),Restricted (? 10%),Restricted (? 10%),Not present,Localized (11 - 50 %),Localized (11 - 50 %),Restricted (? 10%),Localized (11 - 50 %),Restricted (? 10%),Not present,Localized (11 - 50 %),Very widespread (91 - 100%),Extensive (51 - 90%),Localized (11 - 50 %),Restricted (? 10%),Localized (11 - 50 %),Localized (11 - 50 %),Localized (11 - 50 %),Occasional,Occasional,Intermittent,Intermittent,Intermittent,Intermittent,Intermittent,Intermittent,Occasional,Occasional,Frequent,Intermittent,Never occurs,Ongoing,Ongoing,Intermittent,Frequent,Ongoing,Ongoing,Ongoing,NA,Stable,Stable,Stable,Increasing,Stable,Stable,Stable,Stable,Increasing,Increasing,Increasing,Increasing,Increasing,Increasing,Increasing,Increasing,Stable,Increasing,Increasing,Decreasing,Increasing,0,0,1,1,1,1,0,1,0,0,1,Low Resources,Moderate Support,Low,1,1,1,1
Wadden Sea,More than 10 years (i.e. X ? 10),NA,NA,NA,NA,NA,NA,NA,NA,NA,NA,NA,NA,NA,NA,NA,NA,NA,NA,NA,NA,NA,NA,NA,NA,NA,NA,NA,NA,NA,NA,NA,NA,NA,NA,NA,NA,NA,NA,NA,NA,NA,NA,NA,NA,NA,NA,NA,NA,NA,NA,NA,NA,NA,NA,NA,NA,NA,NA,NA,NA,NA,NA,NA,0,0,0,0,0,0,0,0,0,0,0,NA,NA,NA,0,0,0,0
Lord Howe Island Group - Lord Howe Island Marine Park,Between 1 and 5 years (i.e. 1 ? X < 5),Restricted (? 10%),Not present,Restricted (? 10%),Restricted (? 10%),Not present,Not present,Not present,Not present,Restricted (? 10%),Restricted (? 10%),Not present,Not present,Not present,Restricted (? 10%),Localized (11 - 50 %),Localized (11 - 50 %),Localized (11 - 50 %),Localized (11 - 50 %),Localized (11 - 50 %),Localized (11 - 50 %),Localized (11 - 50 %),Ongoing,Never occurs,Intermittent,Occasional,Never occurs,Never occurs,Never occurs,Never occurs,Ongoing,Ongoing,Never occurs,Never occurs,Never occurs,Intermittent,Occasional,Ongoing,Ongoing,Ongoing,Ongoing,Ongoing,Ongoing,Stable,Stable,Stable,Stable,Stable,Stable,Stable,Stable,Increasing,Increasing,Stable,Stable,Stable,Stable,Increasing,Increasing,Increasing,Increasing,Increasing,Increasing,Increasing,0,0,1,0,0,0,0,0,0,1,0,Moderate Resources,Low Support,Moderate,1,0,0,1
Wadden Sea,More than 10 years (i.e. X ? 10),NA,NA,NA,NA,NA,NA,NA,NA,NA,NA,NA,NA,NA,NA,NA,NA,NA,NA,NA,NA,NA,NA,NA,NA,NA,NA,NA,NA,NA,NA,NA,NA,NA,NA,NA,NA,NA,NA,NA,NA,NA,NA,NA,NA,NA,NA,NA,NA,NA,NA,NA,NA,NA,NA,NA,NA,NA,NA,NA,NA,NA,NA,NA,0,0,0,0,0,0,0,0,0,0,0,NA,NA,NA,0,0,0,0
Wadden Sea,Less than 1 year (i.e. X < 1),Localized (11 - 50 %),Restricted (? 10%),Localized (11 - 50 %),Localized (11 - 50 %),Localized (11 - 50 %),Not present,Not present,Restricted (? 10%),Restricted (? 10%),Restricted (? 10%),Restricted (? 10%),Restricted (? 10%),Restricted (? 10%),Restricted (? 10%),Localized (11 - 50 %),Extensive (51 - 90%),Localized (11 - 50 %),Localized (11 - 50 %),Extensive (51 - 90%),Localized (11 - 50 %),Restricted (? 10%),Ongoing,Ongoing,Frequent,Occasional,Occasional,Never occurs,Intermittent,Intermittent,Intermittent,Intermittent,Occasional,Occasional,Intermittent,Intermittent,Occasional,Frequent,Intermittent,Occasional,Intermittent,Occasional,Intermittent,Decreasing,Decreasing,Decreasing,Stable,Stable,NA,Stable,Stable,Stable,Stable,Stable,Stable,Stable,Increasing,Increasing,Increasing,Increasing,Increasing,Increasing,Increasing,Stable,0,0,1,0,0,0,1,0,0,0,0,Low Resources,Low Support,Very Low/None,1,1,0,1
Wadden Sea,Between 5 and 10 years (i.e. 5 ? X < 10),Localized (11 - 50 %),Restricted (? 10%),Localized (11 - 50 %),Restricted (? 10%),Restricted (? 10%),Not present,Not present,Localized (11 - 50 %),Restricted (? 10%),Restricted (? 10%),Extensive (51 - 90%),Restricted (? 10%),Not present,Restricted (? 10%),Extensive (51 - 90%),Extensive (51 - 90%),Localized (11 - 50 %),Very widespread (91 - 100%),Very widespread (91 - 100%),Very widespread (91 - 100%),Restricted (? 10%),Frequent,Frequent,Frequent,Frequent,Frequent,Never occurs,Never occurs,Frequent,Ongoing,Frequent,Ongoing,Ongoing,Never occurs,Occasional,Intermittent,Frequent,Occasional,Ongoing,Ongoing,Ongoing,Intermittent,Decreasing,Stable,Decreasing,Decreasing,Decreasing,NA,NA,Stable,Stable,Decreasing,Stable,Stable,NA,NA,Increasing,Stable,Increasing,Stable,Stable,Stable,Stable,0,0,0,1,1,0,1,0,0,0,0,Moderate Resources,High Support,High,1,0,0,1
Ningaloo,Between 5 and 10 years (i.e. 5 ? X < 10),Restricted (? 10%),Not present,Restricted (? 10%),Restricted (? 10%),Restricted (? 10%),Restricted (? 10%),Not present,Restricted (? 10%),Restricted (? 10%),Restricted (? 10%),Restricted (? 10%),Restricted (? 10%),Not present,Extensive (51 - 90%),Localized (11 - 50 %),Localized (11 - 50 %),Not present,Localized (11 - 50 %),Extensive (51 - 90%),Very widespread (91 - 100%),Very widespread (91 - 100%),Never occurs,Never occurs,Occasional,Ongoing,Ongoing,Ongoing,Never occurs,Intermittent,Ongoing,Ongoing,Ongoing,Frequent,Never occurs,Ongoing,Occasional,Occasional,Intermittent,Ongoing,Ongoing,Ongoing,Ongoing,Stable,Stable,Stable,Increasing,Increasing,Stable,Stable,Increasing,Increasing,Increasing,Stable,Stable,Stable,Increasing,Increasing,Stable,Stable,Increasing,Increasing,Stable,Increasing,0,0,1,1,0,0,0,0,0,0,0,Low Resources,None,Very Low/None,1,1,1,1
Great Barrier Reef,Between 5 and 10 years (i.e. 5 ? X < 10),Localized (11 - 50 %),Restricted (? 10%),Restricted (? 10%),Restricted (? 10%),Restricted (? 10%),Restricted (? 10%),Restricted (? 10%),Localized (11 - 50 %),Localized (11 - 50 %),Localized (11 - 50 %),Localized (11 - 50 %),Restricted (? 10%),Restricted (? 10%),Restricted (? 10%),Extensive (51 - 90%),Extensive (51 - 90%),Extensive (51 - 90%),Extensive (51 - 90%),Extensive (51 - 90%),Extensive (51 - 90%),Extensive (51 - 90%),Ongoing,Ongoing,Ongoing,Ongoing,Frequent,Ongoing,Ongoing,Ongoing,Ongoing,Ongoing,Ongoing,Frequent,Ongoing,Occasional,Occasional,Occasional,Frequent,Ongoing,Ongoing,Ongoing,Ongoing,Stable,Decreasing,Increasing,Increasing,Increasing,Stable,Increasing,Stable,Increasing,Increasing,Stable,Stable,Increasing,Stable,Increasing,Increasing,Stable,Increasing,Increasing,Increasing,Increasing,0,0,0,1,1,0,0,1,0,1,1,Low Resources,High Support,Low,1,0,1,1
Great Barrier Reef,More than 10 years (i.e. X ? 10),Extensive (51 - 90%),Restricted (? 10%),Localized (11 - 50 %),Restricted (? 10%),Restricted (? 10%),Not present,Restricted (? 10%),Restricted (? 10%),Restricted (? 10%),Restricted (? 10%),Restricted (? 10%),Restricted (? 10%),Not present,Restricted (? 10%),Extensive (51 - 90%),Localized (11 - 50 %),Not present,Very widespread (91 - 100%),Extensive (51 - 90%),Localized (11 - 50 %),Very widespread (91 - 100%),Occasional,Never occurs,Intermittent,Ongoing,Intermittent,Never occurs,Ongoing,Ongoing,Ongoing,Ongoing,Ongoing,Frequent,Never occurs,Ongoing,Occasional,Frequent,Never occurs,Ongoing,Ongoing,Occasional,Ongoing,Decreasing,Stable,Decreasing,Stable,Stable,Decreasing,Increasing,Increasing,Increasing,Increasing,Stable,Stable,Decreasing,Stable,Increasing,Decreasing,Stable,Increasing,Increasing,Increasing,Increasing,0,0,1,1,1,0,0,1,1,1,1,Low Resources,Moderate Support,Very Low/None,1,1,1,1
Aldabra Atoll,Between 1 and 5 years (i.e. 1 ? X < 5),Not present,Not present,Not present,Not present,Not present,Not present,Restricted (? 10%),Restricted (? 10%),Restricted (? 10%),Restricted (? 10%),Not present,Not present,Not present,Not present,Extensive (51 - 90%),Extensive (51 - 90%),Extensive (51 - 90%),Not present,Extensive (51 - 90%),Extensive (51 - 90%),Not present,Never occurs,Never occurs,Never occurs,Never occurs,Never occurs,Never occurs,Occasional,Occasional,Intermittent,Intermittent,Never occurs,Never occurs,Never occurs,Never occurs,Frequent,Frequent,Ongoing,Never occurs,Frequent,Ongoing,Never occurs,Stable,Stable,Stable,Stable,Stable,Stable,Increasing,Stable,Stable,Stable,Stable,Stable,Stable,Stable,Increasing,Increasing,Increasing,Increasing,Increasing,Increasing,Increasing,0,0,1,1,1,1,0,0,1,0,0,NA,NA,NA,1,0,0,0
Aldabra Atoll,Between 1 and 5 years (i.e. 1 ? X < 5),Not present,Not present,Restricted (? 10%),Restricted (? 10%),Not present,Not present,Restricted (? 10%),Not present,Restricted (? 10%),Restricted (? 10%),Not present,Not present,Not present,Not present,Extensive (51 - 90%),Restricted (? 10%),Extensive (51 - 90%),Localized (11 - 50 %),Extensive (51 - 90%),Localized (11 - 50 %),Not present,Never occurs,Never occurs,Intermittent,Intermittent,Never occurs,Never occurs,Intermittent,Intermittent,Ongoing,Ongoing,Never occurs,Never occurs,Never occurs,Never occurs,Intermittent,Intermittent,Intermittent,Ongoing,Ongoing,Intermittent,Never occurs,Stable,Stable,Stable,Stable,Stable,Stable,Stable,Stable,Stable,Stable,Stable,Stable,Stable,Stable,Increasing,Increasing,Increasing,Increasing,Increasing,Increasing,Stable,0,0,0,1,1,0,0,0,0,1,0,Moderate Resources,Moderate Support,Moderate,1,1,0,1
"Ibiza, Biodiversity and Culture",More than 10 years (i.e. X ? 10),Not present,Not present,Restricted (? 10%),Restricted (? 10%),Restricted (? 10%),Not present,Restricted (? 10%),Restricted (? 10%),Restricted (? 10%),Restricted (? 10%),Not present,Restricted (? 10%),Not present,Not present,Restricted (? 10%),Restricted (? 10%),Restricted (? 10%),Not present,Restricted (? 10%),Restricted (? 10%),Not present,Never occurs,Never occurs,Occasional,Intermittent,Intermittent,Never occurs,Intermittent,Intermittent,Frequent,Frequent,Never occurs,Intermittent,Never occurs,Never occurs,Intermittent,Intermittent,Intermittent,Intermittent,Intermittent,Intermittent,Never occurs,Stable,Stable,Decreasing,Decreasing,Decreasing,Stable,Decreasing,Decreasing,Stable,Stable,Stable,Stable,Stable,Stable,Increasing,Increasing,Stable,Increasing,Increasing,Increasing,Stable,0,0,0,1,1,1,0,1,1,1,1,High Resources,High Support,High,1,1,1,0
Belize Barrier Reef Reserve System,More than 10 years (i.e. X ? 10),NA,NA,NA,NA,NA,NA,NA,NA,NA,NA,NA,NA,NA,NA,NA,NA,NA,NA,NA,NA,NA,NA,NA,NA,NA,NA,NA,NA,NA,NA,NA,NA,NA,NA,NA,NA,NA,NA,NA,NA,NA,NA,NA,NA,NA,NA,NA,NA,NA,NA,NA,NA,NA,NA,NA,NA,NA,NA,NA,NA,NA,NA,NA,0,0,0,0,0,0,0,0,0,0,0,NA,NA,NA,0,0,0,0
Tubbataha Reefs Natural Park and World Heritage Site,More than 10 years (i.e. X ? 10),Not present,Not present,Not present,Not present,Not present,Not present,Not present,Restricted (? 10%),Not present,Restricted (? 10%),Not present,Not present,Not present,Not present,Localized (11 - 50 %),Localized (11 - 50 %),Localized (11 - 50 %),Localized (11 - 50 %),Extensive (51 - 90%),Localized (11 - 50 %),Restricted (? 10%),Never occurs,Never occurs,Never occurs,Never occurs,Never occurs,Never occurs,Never occurs,Occasional,Intermittent,Intermittent,Never occurs,Never occurs,Never occurs,Never occurs,Frequent,Frequent,Frequent,Occasional,Frequent,Occasional,Intermittent,Stable,Stable,Stable,Stable,Stable,Stable,Stable,Stable,Stable,Decreasing,Stable,Stable,Stable,Stable,Increasing,Increasing,Increasing,Increasing,Increasing,Increasing,Increasing,0,0,0,1,0,0,1,0,0,0,0,High Resources,High Support,High,1,0,0,1
"Ibiza, Biodiversity and Culture",More than 10 years (i.e. X ? 10),NA,NA,NA,NA,NA,NA,NA,NA,NA,NA,NA,NA,NA,NA,NA,NA,NA,NA,NA,NA,NA,NA,NA,NA,NA,NA,NA,NA,NA,NA,NA,NA,NA,NA,NA,NA,NA,NA,NA,NA,NA,NA,NA,NA,NA,NA,NA,NA,NA,NA,NA,NA,NA,NA,NA,NA,NA,NA,NA,NA,NA,NA,NA,0,0,0,0,0,0,0,0,0,0,0,NA,NA,NA,0,0,0,0
Lagons de Nouvelle-Calédonie,More than 10 years (i.e. X ? 10),Localized (11 - 50 %),Not present,Localized (11 - 50 %),Localized (11 - 50 %),Localized (11 - 50 %),Localized (11 - 50 %),Not present,Restricted (? 10%),Localized (11 - 50 %),Localized (11 - 50 %),Not present,Not present,Not present,Restricted (? 10%),Restricted (? 10%),Extensive (51 - 90%),Not present,Extensive (51 - 90%),Not present,Not present,Not present,Ongoing,Never occurs,Ongoing,Ongoing,Occasional,Ongoing,Never occurs,Intermittent,Ongoing,Ongoing,Never occurs,Never occurs,Never occurs,Ongoing,Occasional,Occasional,Never occurs,Ongoing,Occasional,Never occurs,Never occurs,Stable,Stable,Stable,Increasing,Increasing,Increasing,Stable,Stable,Increasing,Increasing,Stable,Stable,Stable,Stable,Stable,Stable,Stable,Increasing,Increasing,Stable,Stable,0,0,1,1,1,0,0,0,0,0,1,Low Resources,Moderate Support,NA,1,1,1,1
Parc National du Banc d'Arguin,More than 10 years (i.e. X ? 10),NA,NA,NA,NA,NA,NA,NA,NA,NA,NA,NA,NA,NA,NA,NA,NA,NA,NA,NA,NA,NA,NA,NA,NA,NA,NA,NA,NA,NA,NA,NA,NA,NA,NA,NA,NA,NA,NA,NA,NA,NA,NA,NA,NA,NA,NA,NA,NA,NA,NA,NA,NA,NA,NA,NA,NA,NA,NA,NA,NA,NA,NA,NA,0,0,0,0,0,0,0,0,0,0,0,NA,NA,NA,0,0,0,0
Parc National du Banc d'Arguin,More than 10 years (i.e. X ? 10),NA,NA,NA,NA,NA,NA,NA,NA,NA,NA,NA,NA,NA,NA,NA,NA,NA,NA,NA,NA,NA,NA,NA,NA,NA,NA,NA,NA,NA,NA,NA,NA,NA,NA,NA,NA,NA,NA,NA,NA,NA,NA,NA,NA,NA,NA,NA,NA,NA,NA,NA,NA,NA,NA,NA,NA,NA,NA,NA,NA,NA,NA,NA,0,0,0,0,0,0,0,0,0,0,0,NA,NA,NA,0,0,0,0
x,More than 10 years (i.e. X ? 10),Localized (11 - 50 %),Restricted (? 10%),Localized (11 - 50 %),Localized (11 - 50 %),Localized (11 - 50 %),Localized (11 - 50 %),Not present,Restricted (? 10%),Localized (11 - 50 %),Localized (11 - 50 %),Not present,Not present,Not present,Restricted (? 10%),Restricted (? 10%),Localized (11 - 50 %),Not present,Restricted (? 10%),Restricted (? 10%),Restricted (? 10%),Restricted (? 10%),Ongoing,Ongoing,Ongoing,Ongoing,Occasional,Ongoing,Never occurs,Intermittent,Ongoing,Ongoing,Never occurs,Never occurs,Never occurs,Ongoing,Occasional,Occasional,Occasional,Fréquent,Fréquent,Occasional,Occasional,Increasing,Stable,Increasing,Increasing,Increasing,Increasing,Stable,Stable,Increasing,Increasing,Stable,Stable,Stable,Increasing,Increasing,Stable,Stable,Increasing,Increasing,Stable,Stable,0,0,0,1,1,0,0,0,1,1,0,Low Resources,Moderate Support,Moderate,1,1,1,1
jgjgvb,More than 10 years (i.e. X ? 10),NA,NA,NA,NA,NA,NA,NA,NA,NA,NA,NA,NA,NA,NA,NA,NA,NA,NA,NA,NA,NA,NA,NA,NA,NA,NA,NA,NA,NA,NA,NA,NA,NA,NA,NA,NA,NA,NA,NA,NA,NA,NA,NA,NA,NA,NA,NA,NA,NA,NA,NA,NA,NA,NA,NA,NA,NA,NA,NA,NA,NA,NA,NA,,,,,,,,,,,,,,,,,,
